2022-03-02 10:57:05.970979 : Step: 5/25000, accuracy: 1.000000, cls loss: 0.662846, bbox loss: 3794.013477,Landmark loss :6600.400488,L2 loss: 1.389706, Total Loss: 8499.459779 ,lr:0.001000 
2022-03-02 10:57:09.678096 : Step: 10/25000, accuracy: 1.000000, cls loss: 0.150607, bbox loss: 2301.438623,Landmark loss :2781.458936,L2 loss: 1.438885, Total Loss: 3933.767738 ,lr:0.001000 
2022-03-02 10:57:13.363434 : Step: 15/25000, accuracy: 1.000000, cls loss: 0.003867, bbox loss: 606.748077,Landmark loss :569.778009,L2 loss: 1.473917, Total Loss: 874.629831 ,lr:0.001000 
2022-03-02 10:57:17.071988 : Step: 20/25000, accuracy: 1.000000, cls loss: 0.001744, bbox loss: 277.286075,Landmark loss :409.957013,L2 loss: 1.481038, Total Loss: 550.082832 ,lr:0.001000 
2022-03-02 10:57:20.678706 : Step: 25/25000, accuracy: 1.000000, cls loss: 0.001126, bbox loss: 193.865555,Landmark loss :366.151404,L2 loss: 1.484341, Total Loss: 464.569648 ,lr:0.001000 
2022-03-02 10:57:24.397717 : Step: 30/25000, accuracy: 1.000000, cls loss: 0.000854, bbox loss: 170.251520,Landmark loss :343.878436,L2 loss: 1.486140, Total Loss: 430.491189 ,lr:0.001000 
2022-03-02 10:57:28.115357 : Step: 35/25000, accuracy: 1.000000, cls loss: 0.000712, bbox loss: 158.571429,Landmark loss :327.999109,L2 loss: 1.487195, Total Loss: 408.772731 ,lr:0.001000 
2022-03-02 10:57:31.764618 : Step: 40/25000, accuracy: 1.000000, cls loss: 0.000600, bbox loss: 150.747717,Landmark loss :315.467761,L2 loss: 1.487886, Total Loss: 392.330105 ,lr:0.001000 
2022-03-02 10:57:35.445448 : Step: 45/25000, accuracy: 1.000000, cls loss: 0.000537, bbox loss: 146.218710,Landmark loss :306.822473,L2 loss: 1.488357, Total Loss: 381.420722 ,lr:0.001000 
2022-03-02 10:57:39.118297 : Step: 50/25000, accuracy: 1.000000, cls loss: 0.000482, bbox loss: 141.518158,Landmark loss :298.879962,L2 loss: 1.488715, Total Loss: 371.128237 ,lr:0.001000 
2022-03-02 10:57:44.126742 : Step: 55/25000, accuracy: 1.000000, cls loss: 0.000452, bbox loss: 139.467294,Landmark loss :290.960632,L2 loss: 1.488906, Total Loss: 362.183638 ,lr:0.001000 
2022-03-02 10:57:47.885017 : Step: 60/25000, accuracy: 1.000000, cls loss: 0.000420, bbox loss: 136.550342,Landmark loss :287.019269,L2 loss: 1.489070, Total Loss: 356.783930 ,lr:0.001000 
2022-03-02 10:57:51.529972 : Step: 65/25000, accuracy: 1.000000, cls loss: 0.000386, bbox loss: 133.675818,Landmark loss :282.189526,L2 loss: 1.489187, Total Loss: 350.517009 ,lr:0.001000 
2022-03-02 10:57:55.195443 : Step: 70/25000, accuracy: 1.000000, cls loss: 0.000366, bbox loss: 131.809459,Landmark loss :278.800549,L2 loss: 1.489261, Total Loss: 346.194906 ,lr:0.001000 
2022-03-02 10:57:58.850599 : Step: 75/25000, accuracy: 1.000000, cls loss: 0.000342, bbox loss: 130.259198,Landmark loss :276.144196,L2 loss: 1.489260, Total Loss: 342.763396 ,lr:0.001000 
2022-03-02 10:58:02.521875 : Step: 80/25000, accuracy: 1.000000, cls loss: 0.000324, bbox loss: 128.392398,Landmark loss :272.942050,L2 loss: 1.489269, Total Loss: 338.627842 ,lr:0.001000 
2022-03-02 10:58:06.195307 : Step: 85/25000, accuracy: 1.000000, cls loss: 0.000311, bbox loss: 127.081995,Landmark loss :272.569464,L2 loss: 1.489220, Total Loss: 337.599992 ,lr:0.001000 
2022-03-02 10:58:09.887081 : Step: 90/25000, accuracy: 1.000000, cls loss: 0.000299, bbox loss: 125.597086,Landmark loss :271.099881,L2 loss: 1.489228, Total Loss: 335.387950 ,lr:0.001000 
2022-03-02 10:58:13.569425 : Step: 95/25000, accuracy: 1.000000, cls loss: 0.000292, bbox loss: 125.594456,Landmark loss :269.147092,L2 loss: 1.489126, Total Loss: 333.433738 ,lr:0.001000 
2022-03-02 10:58:17.321773 : Step: 100/25000, accuracy: 1.000000, cls loss: 0.000287, bbox loss: 124.698126,Landmark loss :266.718982,L2 loss: 1.489125, Total Loss: 330.557456 ,lr:0.001000 
2022-03-02 10:58:21.007498 : Step: 105/25000, accuracy: 1.000000, cls loss: 0.000272, bbox loss: 123.177951,Landmark loss :264.867926,L2 loss: 1.489116, Total Loss: 327.946290 ,lr:0.001000 
2022-03-02 10:58:24.673350 : Step: 110/25000, accuracy: 1.000000, cls loss: 0.000259, bbox loss: 122.581648,Landmark loss :261.080206,L2 loss: 1.489035, Total Loss: 323.860325 ,lr:0.001000 
2022-03-02 10:58:28.420486 : Step: 115/25000, accuracy: 1.000000, cls loss: 0.000247, bbox loss: 121.520808,Landmark loss :260.248889,L2 loss: 1.489014, Total Loss: 322.498555 ,lr:0.001000 
2022-03-02 10:58:32.072806 : Step: 120/25000, accuracy: 1.000000, cls loss: 0.000246, bbox loss: 120.582570,Landmark loss :258.346625,L2 loss: 1.488979, Total Loss: 320.127135 ,lr:0.001000 
2022-03-02 10:58:35.807175 : Step: 125/25000, accuracy: 1.000000, cls loss: 0.000235, bbox loss: 120.265308,Landmark loss :257.350146,L2 loss: 1.488960, Total Loss: 318.971995 ,lr:0.001000 
2022-03-02 10:58:39.443576 : Step: 130/25000, accuracy: 1.000000, cls loss: 0.000227, bbox loss: 118.866933,Landmark loss :257.232422,L2 loss: 1.488934, Total Loss: 318.155050 ,lr:0.001000 
2022-03-02 10:58:43.100994 : Step: 135/25000, accuracy: 1.000000, cls loss: 0.000222, bbox loss: 119.318185,Landmark loss :256.465726,L2 loss: 1.488956, Total Loss: 317.613996 ,lr:0.001000 
2022-03-02 10:58:46.742191 : Step: 140/25000, accuracy: 1.000000, cls loss: 0.000214, bbox loss: 117.590916,Landmark loss :253.374893,L2 loss: 1.488975, Total Loss: 313.659541 ,lr:0.001000 
2022-03-02 10:58:50.431673 : Step: 145/25000, accuracy: 1.000000, cls loss: 0.000212, bbox loss: 117.576656,Landmark loss :252.011395,L2 loss: 1.488957, Total Loss: 312.288891 ,lr:0.001000 
2022-03-02 10:58:54.122555 : Step: 150/25000, accuracy: 1.000000, cls loss: 0.000203, bbox loss: 116.377156,Landmark loss :250.532050,L2 loss: 1.489018, Total Loss: 310.209849 ,lr:0.001000 
2022-03-02 10:59:01.399776 : Step: 160/25000, accuracy: 1.000000, cls loss: 0.000195, bbox loss: 115.499083,Landmark loss :248.425824,L2 loss: 1.489188, Total Loss: 307.664749 ,lr:0.001000 
2022-03-02 10:59:05.117317 : Step: 165/25000, accuracy: 1.000000, cls loss: 0.000195, bbox loss: 115.611615,Landmark loss :247.661139,L2 loss: 1.489326, Total Loss: 306.956467 ,lr:0.001000 
2022-03-02 10:59:12.337583 : Step: 175/25000, accuracy: 1.000000, cls loss: 0.000178, bbox loss: 112.943504,Landmark loss :246.506537,L2 loss: 1.489731, Total Loss: 304.468199 ,lr:0.001000 
2022-03-02 10:59:15.982252 : Step: 180/25000, accuracy: 1.000000, cls loss: 0.000180, bbox loss: 113.675204,Landmark loss :245.832056,L2 loss: 1.489975, Total Loss: 304.159813 ,lr:0.001000 
2022-03-02 10:59:19.664848 : Step: 185/25000, accuracy: 1.000000, cls loss: 0.000173, bbox loss: 112.182770,Landmark loss :244.935168,L2 loss: 1.490215, Total Loss: 302.516941 ,lr:0.001000 
2022-03-02 10:59:23.347254 : Step: 190/25000, accuracy: 1.000000, cls loss: 0.000168, bbox loss: 111.753407,Landmark loss :243.754318,L2 loss: 1.490471, Total Loss: 301.121661 ,lr:0.001000 
2022-03-02 10:59:26.993777 : Step: 195/25000, accuracy: 1.000000, cls loss: 0.000165, bbox loss: 111.199315,Landmark loss :243.871799,L2 loss: 1.490791, Total Loss: 300.962413 ,lr:0.001000 
2022-03-02 10:59:30.656116 : Step: 200/25000, accuracy: 1.000000, cls loss: 0.000161, bbox loss: 110.540886,Landmark loss :240.434131,L2 loss: 1.491062, Total Loss: 297.195797 ,lr:0.001000 
2022-03-02 10:59:34.330342 : Step: 205/25000, accuracy: 1.000000, cls loss: 0.000161, bbox loss: 111.027573,Landmark loss :239.797455,L2 loss: 1.491364, Total Loss: 296.802766 ,lr:0.001000 
2022-03-02 10:59:37.975263 : Step: 210/25000, accuracy: 1.000000, cls loss: 0.000160, bbox loss: 109.947253,Landmark loss :238.651138,L2 loss: 1.491701, Total Loss: 295.116626 ,lr:0.001000 
2022-03-02 10:59:41.638560 : Step: 215/25000, accuracy: 1.000000, cls loss: 0.000152, bbox loss: 109.084546,Landmark loss :236.583606,L2 loss: 1.492092, Total Loss: 292.618123 ,lr:0.001000 
2022-03-02 10:59:48.875791 : Step: 225/25000, accuracy: 1.000000, cls loss: 0.000144, bbox loss: 108.206679,Landmark loss :234.537860,L2 loss: 1.492791, Total Loss: 290.134134 ,lr:0.001000 
2022-03-02 10:59:52.530456 : Step: 230/25000, accuracy: 1.000000, cls loss: 0.000140, bbox loss: 106.624211,Landmark loss :235.130927,L2 loss: 1.493156, Total Loss: 289.936329 ,lr:0.001000 
2022-03-02 10:59:56.209747 : Step: 235/25000, accuracy: 1.000000, cls loss: 0.000138, bbox loss: 106.649530,Landmark loss :234.284409,L2 loss: 1.493513, Total Loss: 289.102824 ,lr:0.001000 
2022-03-02 10:59:59.857542 : Step: 240/25000, accuracy: 1.000000, cls loss: 0.000140, bbox loss: 107.102481,Landmark loss :234.018802,L2 loss: 1.493918, Total Loss: 289.064100 ,lr:0.001000 
2022-03-02 11:00:03.540250 : Step: 245/25000, accuracy: 1.000000, cls loss: 0.000134, bbox loss: 105.990616,Landmark loss :233.880725,L2 loss: 1.494297, Total Loss: 288.370464 ,lr:0.001000 
2022-03-02 11:00:07.242757 : Step: 250/25000, accuracy: 1.000000, cls loss: 0.000139, bbox loss: 105.649060,Landmark loss :231.216391,L2 loss: 1.494704, Total Loss: 285.535764 ,lr:0.001000 
2022-03-02 11:00:10.967830 : Step: 255/25000, accuracy: 1.000000, cls loss: 0.000131, bbox loss: 105.576523,Landmark loss :230.012479,L2 loss: 1.495126, Total Loss: 284.295997 ,lr:0.001000 
2022-03-02 11:00:14.735383 : Step: 260/25000, accuracy: 1.000000, cls loss: 0.000126, bbox loss: 104.644733,Landmark loss :227.731134,L2 loss: 1.495487, Total Loss: 281.549114 ,lr:0.001000 
2022-03-02 11:00:21.942531 : Step: 270/25000, accuracy: 1.000000, cls loss: 0.000125, bbox loss: 103.657845,Landmark loss :226.271735,L2 loss: 1.496322, Total Loss: 279.597103 ,lr:0.001000 
2022-03-02 11:00:32.828856 : Step: 285/25000, accuracy: 1.000000, cls loss: 0.000116, bbox loss: 102.934518,Landmark loss :224.017838,L2 loss: 1.497592, Total Loss: 276.982805 ,lr:0.001000 
2022-03-02 11:00:36.522912 : Step: 290/25000, accuracy: 1.000000, cls loss: 0.000113, bbox loss: 101.744945,Landmark loss :223.174597,L2 loss: 1.498039, Total Loss: 275.545221 ,lr:0.001000 
2022-03-02 11:00:40.124376 : Step: 295/25000, accuracy: 1.000000, cls loss: 0.000113, bbox loss: 101.515395,Landmark loss :222.513983,L2 loss: 1.498424, Total Loss: 274.770218 ,lr:0.001000 
2022-03-02 11:00:47.318029 : Step: 305/25000, accuracy: 1.000000, cls loss: 0.000110, bbox loss: 100.741344,Landmark loss :220.712238,L2 loss: 1.499294, Total Loss: 272.582313 ,lr:0.001000 
2022-03-02 11:00:50.980863 : Step: 310/25000, accuracy: 1.000000, cls loss: 0.000109, bbox loss: 100.681471,Landmark loss :220.187939,L2 loss: 1.499730, Total Loss: 272.028513 ,lr:0.001000 
2022-03-02 11:00:58.150427 : Step: 320/25000, accuracy: 1.000000, cls loss: 0.000102, bbox loss: 99.125089,Landmark loss :219.186679,L2 loss: 1.500576, Total Loss: 270.249901 ,lr:0.001000 
2022-03-02 11:01:05.265575 : Step: 330/25000, accuracy: 1.000000, cls loss: 0.000101, bbox loss: 98.616890,Landmark loss :218.893091,L2 loss: 1.501499, Total Loss: 269.703136 ,lr:0.001000 
2022-03-02 11:01:08.889409 : Step: 335/25000, accuracy: 1.000000, cls loss: 0.000097, bbox loss: 98.000659,Landmark loss :217.365341,L2 loss: 1.501981, Total Loss: 267.867749 ,lr:0.001000 
2022-03-02 11:01:16.062599 : Step: 345/25000, accuracy: 1.000000, cls loss: 0.000094, bbox loss: 96.855006,Landmark loss :215.963586,L2 loss: 1.502919, Total Loss: 265.894102 ,lr:0.001000 
2022-03-02 11:01:19.716240 : Step: 350/25000, accuracy: 1.000000, cls loss: 0.000094, bbox loss: 97.478735,Landmark loss :213.733408,L2 loss: 1.503375, Total Loss: 263.976244 ,lr:0.001000 
2022-03-02 11:01:26.864153 : Step: 360/25000, accuracy: 1.000000, cls loss: 0.000090, bbox loss: 95.847601,Landmark loss :211.608081,L2 loss: 1.504390, Total Loss: 261.036362 ,lr:0.001000 
2022-03-02 11:01:30.480803 : Step: 365/25000, accuracy: 1.000000, cls loss: 0.000090, bbox loss: 95.584532,Landmark loss :211.564703,L2 loss: 1.504894, Total Loss: 260.861953 ,lr:0.001000 
2022-03-02 11:01:34.093759 : Step: 370/25000, accuracy: 1.000000, cls loss: 0.000085, bbox loss: 94.943439,Landmark loss :211.278867,L2 loss: 1.505427, Total Loss: 260.256098 ,lr:0.001000 
2022-03-02 11:01:37.765452 : Step: 375/25000, accuracy: 1.000000, cls loss: 0.000084, bbox loss: 94.313861,Landmark loss :209.626056,L2 loss: 1.505926, Total Loss: 258.288997 ,lr:0.001000 
2022-03-02 11:01:44.919736 : Step: 385/25000, accuracy: 1.000000, cls loss: 0.000083, bbox loss: 93.739348,Landmark loss :209.591663,L2 loss: 1.507034, Total Loss: 257.968454 ,lr:0.001000 
2022-03-02 11:01:48.601174 : Step: 390/25000, accuracy: 1.000000, cls loss: 0.000081, bbox loss: 93.195844,Landmark loss :208.232141,L2 loss: 1.507546, Total Loss: 256.337690 ,lr:0.001000 
2022-03-02 11:01:52.245788 : Step: 395/25000, accuracy: 1.000000, cls loss: 0.000082, bbox loss: 93.228603,Landmark loss :207.615698,L2 loss: 1.508143, Total Loss: 255.738225 ,lr:0.001000 
2022-03-02 11:01:55.900599 : Step: 400/25000, accuracy: 1.000000, cls loss: 0.000080, bbox loss: 92.339188,Landmark loss :207.075323,L2 loss: 1.508741, Total Loss: 254.753738 ,lr:0.001000 
2022-03-02 11:01:59.532299 : Step: 405/25000, accuracy: 1.000000, cls loss: 0.000077, bbox loss: 91.833376,Landmark loss :203.071036,L2 loss: 1.509327, Total Loss: 250.497127 ,lr:0.001000 
2022-03-02 11:02:06.591969 : Step: 415/25000, accuracy: 1.000000, cls loss: 0.000075, bbox loss: 90.809302,Landmark loss :202.250858,L2 loss: 1.510577, Total Loss: 249.166161 ,lr:0.001000 
2022-03-02 11:02:10.290850 : Step: 420/25000, accuracy: 1.000000, cls loss: 0.000072, bbox loss: 90.652809,Landmark loss :201.932059,L2 loss: 1.511269, Total Loss: 248.769805 ,lr:0.001000 
2022-03-02 11:02:13.946220 : Step: 425/25000, accuracy: 1.000000, cls loss: 0.000072, bbox loss: 89.614095,Landmark loss :201.289401,L2 loss: 1.511889, Total Loss: 247.608409 ,lr:0.001000 
2022-03-02 11:02:21.079382 : Step: 435/25000, accuracy: 1.000000, cls loss: 0.000069, bbox loss: 88.727080,Landmark loss :199.115485,L2 loss: 1.513245, Total Loss: 244.992338 ,lr:0.001000 
2022-03-02 11:02:24.711672 : Step: 440/25000, accuracy: 1.000000, cls loss: 0.000068, bbox loss: 88.573073,Landmark loss :197.967053,L2 loss: 1.513960, Total Loss: 243.767618 ,lr:0.001000 
2022-03-02 11:02:28.331344 : Step: 445/25000, accuracy: 1.000000, cls loss: 0.000066, bbox loss: 87.807082,Landmark loss :197.016165,L2 loss: 1.514699, Total Loss: 242.434471 ,lr:0.001000 
2022-03-02 11:02:35.449740 : Step: 455/25000, accuracy: 1.000000, cls loss: 0.000066, bbox loss: 87.434131,Landmark loss :195.105838,L2 loss: 1.516165, Total Loss: 240.339134 ,lr:0.001000 
2022-03-02 11:02:39.054285 : Step: 460/25000, accuracy: 1.000000, cls loss: 0.000065, bbox loss: 87.229478,Landmark loss :194.710217,L2 loss: 1.516886, Total Loss: 239.841907 ,lr:0.001000 
2022-03-02 11:02:46.205260 : Step: 470/25000, accuracy: 1.000000, cls loss: 0.000061, bbox loss: 85.043867,Landmark loss :193.334363,L2 loss: 1.518463, Total Loss: 237.374820 ,lr:0.001000 
2022-03-02 11:02:49.842160 : Step: 475/25000, accuracy: 1.000000, cls loss: 0.000061, bbox loss: 85.628481,Landmark loss :192.989673,L2 loss: 1.519314, Total Loss: 237.323289 ,lr:0.001000 
2022-03-02 11:02:53.417795 : Step: 480/25000, accuracy: 1.000000, cls loss: 0.000059, bbox loss: 84.384521,Landmark loss :191.898178,L2 loss: 1.520167, Total Loss: 235.610665 ,lr:0.001000 
2022-03-02 11:02:57.074746 : Step: 485/25000, accuracy: 1.000000, cls loss: 0.000057, bbox loss: 83.770076,Landmark loss :190.787979,L2 loss: 1.521040, Total Loss: 234.194114 ,lr:0.001000 
2022-03-02 11:03:00.718940 : Step: 490/25000, accuracy: 1.000000, cls loss: 0.000057, bbox loss: 83.287862,Landmark loss :190.794431,L2 loss: 1.521961, Total Loss: 233.960379 ,lr:0.001000 
2022-03-02 11:03:04.350128 : Step: 495/25000, accuracy: 1.000000, cls loss: 0.000055, bbox loss: 82.721643,Landmark loss :187.479224,L2 loss: 1.522875, Total Loss: 230.362975 ,lr:0.001000 
2022-03-02 11:03:08.001185 : Step: 500/25000, accuracy: 1.000000, cls loss: 0.000055, bbox loss: 82.803304,Landmark loss :186.964417,L2 loss: 1.523837, Total Loss: 229.889960 ,lr:0.001000 
2022-03-02 11:03:11.620403 : Step: 505/25000, accuracy: 1.000000, cls loss: 0.000055, bbox loss: 81.862994,Landmark loss :185.916144,L2 loss: 1.524793, Total Loss: 228.372489 ,lr:0.001000 
2022-03-02 11:03:15.273118 : Step: 510/25000, accuracy: 1.000000, cls loss: 0.000052, bbox loss: 81.577933,Landmark loss :184.972519,L2 loss: 1.525849, Total Loss: 227.287386 ,lr:0.001000 
2022-03-02 11:03:22.463090 : Step: 520/25000, accuracy: 1.000000, cls loss: 0.000049, bbox loss: 80.773613,Landmark loss :183.572580,L2 loss: 1.527565, Total Loss: 225.487000 ,lr:0.001000 
2022-03-02 11:03:26.061772 : Step: 525/25000, accuracy: 1.000000, cls loss: 0.000050, bbox loss: 78.914442,Landmark loss :182.510983,L2 loss: 1.528293, Total Loss: 223.496547 ,lr:0.001000 
2022-03-02 11:03:29.691159 : Step: 530/25000, accuracy: 1.000000, cls loss: 0.000048, bbox loss: 78.893089,Landmark loss :182.279382,L2 loss: 1.529267, Total Loss: 223.255241 ,lr:0.001000 
2022-03-02 11:03:33.298684 : Step: 535/25000, accuracy: 1.000000, cls loss: 0.000049, bbox loss: 78.744400,Landmark loss :179.735410,L2 loss: 1.530079, Total Loss: 220.637737 ,lr:0.001000 
2022-03-02 11:03:36.974249 : Step: 540/25000, accuracy: 1.000000, cls loss: 0.000047, bbox loss: 77.663336,Landmark loss :179.961096,L2 loss: 1.531018, Total Loss: 220.323829 ,lr:0.001000 
2022-03-02 11:03:40.642084 : Step: 545/25000, accuracy: 1.000000, cls loss: 0.000047, bbox loss: 77.307851,Landmark loss :178.040048,L2 loss: 1.531995, Total Loss: 218.226016 ,lr:0.001000 
2022-03-02 11:03:44.266910 : Step: 550/25000, accuracy: 1.000000, cls loss: 0.000046, bbox loss: 76.978882,Landmark loss :176.649350,L2 loss: 1.532845, Total Loss: 216.671682 ,lr:0.001000 
2022-03-02 11:03:47.890112 : Step: 555/25000, accuracy: 1.000000, cls loss: 0.000044, bbox loss: 75.955582,Landmark loss :174.241470,L2 loss: 1.533857, Total Loss: 213.753162 ,lr:0.001000 
2022-03-02 11:03:51.517009 : Step: 560/25000, accuracy: 1.000000, cls loss: 0.000043, bbox loss: 75.300073,Landmark loss :174.110620,L2 loss: 1.534831, Total Loss: 213.295530 ,lr:0.001000 
2022-03-02 11:03:55.097042 : Step: 565/25000, accuracy: 1.000000, cls loss: 0.000044, bbox loss: 75.191711,Landmark loss :172.541159,L2 loss: 1.535769, Total Loss: 211.672827 ,lr:0.001000 
2022-03-02 11:04:05.682483 : Step: 580/25000, accuracy: 1.000000, cls loss: 0.000039, bbox loss: 73.973120,Landmark loss :170.708691,L2 loss: 1.538500, Total Loss: 209.233790 ,lr:0.001000 
2022-03-02 11:04:09.297390 : Step: 585/25000, accuracy: 1.000000, cls loss: 0.000039, bbox loss: 72.441861,Landmark loss :168.247662,L2 loss: 1.539286, Total Loss: 206.007919 ,lr:0.001000 
2022-03-02 11:04:12.929054 : Step: 590/25000, accuracy: 1.000000, cls loss: 0.000039, bbox loss: 71.914355,Landmark loss :167.296683,L2 loss: 1.540201, Total Loss: 204.794100 ,lr:0.001000 
2022-03-02 11:04:20.041281 : Step: 600/25000, accuracy: 1.000000, cls loss: 0.000038, bbox loss: 71.271338,Landmark loss :165.267920,L2 loss: 1.542016, Total Loss: 202.445643 ,lr:0.001000 
2022-03-02 11:04:23.697496 : Step: 605/25000, accuracy: 1.000000, cls loss: 0.000037, bbox loss: 71.080937,Landmark loss :165.313742,L2 loss: 1.543051, Total Loss: 202.397298 ,lr:0.001000 
2022-03-02 11:04:27.351813 : Step: 610/25000, accuracy: 1.000000, cls loss: 0.000037, bbox loss: 70.063571,Landmark loss :165.739407,L2 loss: 1.543859, Total Loss: 202.315088 ,lr:0.001000 
2022-03-02 11:04:30.996984 : Step: 615/25000, accuracy: 1.000000, cls loss: 0.000034, bbox loss: 69.081441,Landmark loss :162.981528,L2 loss: 1.544891, Total Loss: 199.067174 ,lr:0.001000 
2022-03-02 11:04:34.632175 : Step: 620/25000, accuracy: 1.000000, cls loss: 0.000034, bbox loss: 68.589503,Landmark loss :162.015488,L2 loss: 1.545817, Total Loss: 197.856091 ,lr:0.001000 
2022-03-02 11:04:38.283169 : Step: 625/25000, accuracy: 1.000000, cls loss: 0.000034, bbox loss: 68.093274,Landmark loss :160.671872,L2 loss: 1.546784, Total Loss: 196.265328 ,lr:0.001000 
2022-03-02 11:04:41.898055 : Step: 630/25000, accuracy: 1.000000, cls loss: 0.000032, bbox loss: 67.077637,Landmark loss :159.441144,L2 loss: 1.547844, Total Loss: 194.527839 ,lr:0.001000 
2022-03-02 11:04:49.034604 : Step: 640/25000, accuracy: 1.000000, cls loss: 0.000031, bbox loss: 65.852052,Landmark loss :156.979712,L2 loss: 1.549861, Total Loss: 191.455630 ,lr:0.001000 
2022-03-02 11:04:52.688351 : Step: 645/25000, accuracy: 1.000000, cls loss: 0.000032, bbox loss: 66.633345,Landmark loss :156.095285,L2 loss: 1.550716, Total Loss: 190.962705 ,lr:0.001000 
2022-03-02 11:04:56.362980 : Step: 650/25000, accuracy: 1.000000, cls loss: 0.000030, bbox loss: 65.821642,Landmark loss :156.117944,L2 loss: 1.551869, Total Loss: 190.580665 ,lr:0.001000 
2022-03-02 11:04:59.990593 : Step: 655/25000, accuracy: 1.000000, cls loss: 0.000031, bbox loss: 65.790446,Landmark loss :156.052255,L2 loss: 1.552554, Total Loss: 190.500063 ,lr:0.001000 
2022-03-02 11:05:03.623682 : Step: 660/25000, accuracy: 1.000000, cls loss: 0.000029, bbox loss: 65.987570,Landmark loss :155.890210,L2 loss: 1.553687, Total Loss: 190.437711 ,lr:0.001000 
2022-03-02 11:05:07.221415 : Step: 665/25000, accuracy: 1.000000, cls loss: 0.000030, bbox loss: 64.561817,Landmark loss :154.828201,L2 loss: 1.554216, Total Loss: 188.663356 ,lr:0.001000 
2022-03-02 11:05:10.860113 : Step: 670/25000, accuracy: 1.000000, cls loss: 0.000027, bbox loss: 63.284896,Landmark loss :151.596194,L2 loss: 1.555250, Total Loss: 184.793919 ,lr:0.001000 
2022-03-02 11:05:14.521149 : Step: 675/25000, accuracy: 1.000000, cls loss: 0.000028, bbox loss: 61.806656,Landmark loss :149.301019,L2 loss: 1.555944, Total Loss: 181.760319 ,lr:0.001000 
2022-03-02 11:05:18.138189 : Step: 680/25000, accuracy: 1.000000, cls loss: 0.000027, bbox loss: 61.608903,Landmark loss :148.670218,L2 loss: 1.556933, Total Loss: 181.031630 ,lr:0.001000 
2022-03-02 11:05:21.731927 : Step: 685/25000, accuracy: 1.000000, cls loss: 0.000027, bbox loss: 60.770885,Landmark loss :146.788739,L2 loss: 1.557697, Total Loss: 178.731906 ,lr:0.001000 
2022-03-02 11:05:25.371152 : Step: 690/25000, accuracy: 1.000000, cls loss: 0.000026, bbox loss: 60.807341,Landmark loss :146.584253,L2 loss: 1.558698, Total Loss: 178.546647 ,lr:0.001000 
2022-03-02 11:05:28.994933 : Step: 695/25000, accuracy: 1.000000, cls loss: 0.000027, bbox loss: 60.292446,Landmark loss :145.784625,L2 loss: 1.559419, Total Loss: 177.490294 ,lr:0.001000 
2022-03-02 11:05:32.642372 : Step: 700/25000, accuracy: 1.000000, cls loss: 0.000025, bbox loss: 59.354613,Landmark loss :143.357529,L2 loss: 1.560439, Total Loss: 174.595299 ,lr:0.001000 
2022-03-02 11:05:36.219793 : Step: 705/25000, accuracy: 1.000000, cls loss: 0.000025, bbox loss: 59.176589,Landmark loss :142.847400,L2 loss: 1.561139, Total Loss: 173.996859 ,lr:0.001000 
2022-03-02 11:05:39.835735 : Step: 710/25000, accuracy: 1.000000, cls loss: 0.000024, bbox loss: 57.877206,Landmark loss :140.528360,L2 loss: 1.562137, Total Loss: 171.029124 ,lr:0.001000 
2022-03-02 11:05:43.459722 : Step: 715/25000, accuracy: 1.000000, cls loss: 0.000024, bbox loss: 57.468651,Landmark loss :139.906064,L2 loss: 1.562963, Total Loss: 170.203376 ,lr:0.001000 
2022-03-02 11:05:47.066045 : Step: 720/25000, accuracy: 1.000000, cls loss: 0.000024, bbox loss: 56.399184,Landmark loss :138.522095,L2 loss: 1.563921, Total Loss: 168.285631 ,lr:0.001000 
2022-03-02 11:05:50.745632 : Step: 725/25000, accuracy: 1.000000, cls loss: 0.000023, bbox loss: 56.257636,Landmark loss :138.090916,L2 loss: 1.564825, Total Loss: 167.784583 ,lr:0.001000 
2022-03-02 11:05:54.356572 : Step: 730/25000, accuracy: 1.000000, cls loss: 0.000023, bbox loss: 55.376404,Landmark loss :136.346808,L2 loss: 1.565758, Total Loss: 165.600791 ,lr:0.001000 
2022-03-02 11:05:58.023870 : Step: 735/25000, accuracy: 1.000000, cls loss: 0.000023, bbox loss: 55.075271,Landmark loss :134.899696,L2 loss: 1.566724, Total Loss: 164.004078 ,lr:0.001000 
2022-03-02 11:06:01.607008 : Step: 740/25000, accuracy: 1.000000, cls loss: 0.000022, bbox loss: 54.109284,Landmark loss :134.113943,L2 loss: 1.567679, Total Loss: 162.736287 ,lr:0.001000 
2022-03-02 11:06:05.202530 : Step: 745/25000, accuracy: 1.000000, cls loss: 0.000022, bbox loss: 54.081650,Landmark loss :133.945935,L2 loss: 1.568604, Total Loss: 162.555386 ,lr:0.001000 
2022-03-02 11:06:22.997187 : Step: 770/25000, accuracy: 1.000000, cls loss: 0.000020, bbox loss: 52.433402,Landmark loss :131.391238,L2 loss: 1.572565, Total Loss: 159.180524 ,lr:0.001000 
2022-03-02 11:06:26.635004 : Step: 775/25000, accuracy: 1.000000, cls loss: 0.000020, bbox loss: 50.926289,Landmark loss :128.140353,L2 loss: 1.573252, Total Loss: 155.176770 ,lr:0.001000 
2022-03-02 11:06:30.280298 : Step: 780/25000, accuracy: 1.000000, cls loss: 0.000019, bbox loss: 50.287826,Landmark loss :127.095792,L2 loss: 1.574215, Total Loss: 153.813939 ,lr:0.001000 
2022-03-02 11:06:34.001080 : Step: 785/25000, accuracy: 1.000000, cls loss: 0.000019, bbox loss: 49.949171,Landmark loss :126.700258,L2 loss: 1.575028, Total Loss: 153.249891 ,lr:0.001000 
2022-03-02 11:06:37.609421 : Step: 790/25000, accuracy: 1.000000, cls loss: 0.000019, bbox loss: 49.155159,Landmark loss :124.220627,L2 loss: 1.576038, Total Loss: 150.374263 ,lr:0.001000 
2022-03-02 11:06:55.267882 : Step: 815/25000, accuracy: 1.000000, cls loss: 0.000018, bbox loss: 47.730159,Landmark loss :121.575273,L2 loss: 1.579660, Total Loss: 147.020030 ,lr:0.001000 
2022-03-02 11:06:58.949879 : Step: 820/25000, accuracy: 1.000000, cls loss: 0.000017, bbox loss: 46.337840,Landmark loss :119.415031,L2 loss: 1.580634, Total Loss: 144.164601 ,lr:0.001000 
2022-03-02 11:07:02.564859 : Step: 825/25000, accuracy: 1.000000, cls loss: 0.000017, bbox loss: 45.586512,Landmark loss :118.192960,L2 loss: 1.581361, Total Loss: 142.567594 ,lr:0.001000 
2022-03-02 11:07:06.213789 : Step: 830/25000, accuracy: 1.000000, cls loss: 0.000016, bbox loss: 45.306287,Landmark loss :116.633009,L2 loss: 1.582341, Total Loss: 140.868510 ,lr:0.001000 
2022-03-02 11:07:23.876128 : Step: 855/25000, accuracy: 1.000000, cls loss: 0.000016, bbox loss: 43.836637,Landmark loss :113.537061,L2 loss: 1.585829, Total Loss: 137.041224 ,lr:0.001000 
2022-03-02 11:07:27.520788 : Step: 860/25000, accuracy: 1.000000, cls loss: 0.000015, bbox loss: 42.275950,Landmark loss :110.658202,L2 loss: 1.586792, Total Loss: 133.382984 ,lr:0.001000 
2022-03-02 11:07:31.122954 : Step: 865/25000, accuracy: 1.000000, cls loss: 0.000015, bbox loss: 41.643761,Landmark loss :110.064442,L2 loss: 1.587539, Total Loss: 132.473877 ,lr:0.001000 
2022-03-02 11:07:34.717562 : Step: 870/25000, accuracy: 1.000000, cls loss: 0.000015, bbox loss: 40.791673,Landmark loss :108.570502,L2 loss: 1.588447, Total Loss: 130.554800 ,lr:0.001000 
2022-03-02 11:07:38.334781 : Step: 875/25000, accuracy: 1.000000, cls loss: 0.000014, bbox loss: 40.456676,Landmark loss :107.203276,L2 loss: 1.589312, Total Loss: 129.020941 ,lr:0.001000 
2022-03-02 11:07:41.987026 : Step: 880/25000, accuracy: 1.000000, cls loss: 0.000014, bbox loss: 39.820078,Landmark loss :106.090897,L2 loss: 1.590227, Total Loss: 127.591177 ,lr:0.001000 
2022-03-02 11:07:45.570715 : Step: 885/25000, accuracy: 1.000000, cls loss: 0.000014, bbox loss: 39.585686,Landmark loss :105.714159,L2 loss: 1.591069, Total Loss: 127.098085 ,lr:0.001000 
2022-03-02 11:08:06.766161 : Step: 915/25000, accuracy: 1.000000, cls loss: 0.000014, bbox loss: 37.992165,Landmark loss :102.846884,L2 loss: 1.595042, Total Loss: 123.438022 ,lr:0.001000 
2022-03-02 11:08:10.419601 : Step: 920/25000, accuracy: 1.000000, cls loss: 0.000013, bbox loss: 37.254564,Landmark loss :101.722150,L2 loss: 1.595854, Total Loss: 121.945299 ,lr:0.001000 
2022-03-02 11:08:14.085709 : Step: 925/25000, accuracy: 1.000000, cls loss: 0.000013, bbox loss: 36.631611,Landmark loss :100.384325,L2 loss: 1.596523, Total Loss: 120.296666 ,lr:0.001000 
2022-03-02 11:08:17.757389 : Step: 930/25000, accuracy: 1.000000, cls loss: 0.000013, bbox loss: 36.302656,Landmark loss :100.095958,L2 loss: 1.597283, Total Loss: 119.844581 ,lr:0.001000 
2022-03-02 11:08:21.476645 : Step: 935/25000, accuracy: 1.000000, cls loss: 0.000013, bbox loss: 35.903331,Landmark loss :98.920294,L2 loss: 1.597965, Total Loss: 118.469938 ,lr:0.001000 
2022-03-02 11:08:25.141097 : Step: 940/25000, accuracy: 1.000000, cls loss: 0.000012, bbox loss: 36.003071,Landmark loss :97.942421,L2 loss: 1.598731, Total Loss: 117.542700 ,lr:0.001000 
2022-03-02 11:08:32.302799 : Step: 950/25000, accuracy: 1.000000, cls loss: 0.000012, bbox loss: 35.623961,Landmark loss :97.556184,L2 loss: 1.600127, Total Loss: 116.968303 ,lr:0.001000 
2022-03-02 11:08:53.463205 : Step: 980/25000, accuracy: 1.000000, cls loss: 0.000011, bbox loss: 34.866825,Landmark loss :96.663605,L2 loss: 1.603431, Total Loss: 115.700460 ,lr:0.001000 
2022-03-02 11:08:57.099907 : Step: 985/25000, accuracy: 1.000000, cls loss: 0.000012, bbox loss: 33.838166,Landmark loss :94.622073,L2 loss: 1.603842, Total Loss: 113.145011 ,lr:0.001000 
2022-03-02 11:09:00.706512 : Step: 990/25000, accuracy: 1.000000, cls loss: 0.000011, bbox loss: 33.257100,Landmark loss :93.902596,L2 loss: 1.604512, Total Loss: 112.135669 ,lr:0.001000 
2022-03-02 11:09:04.315452 : Step: 995/25000, accuracy: 1.000000, cls loss: 0.000012, bbox loss: 32.860183,Landmark loss :92.100713,L2 loss: 1.604973, Total Loss: 110.135789 ,lr:0.001000 
2022-03-02 11:09:11.397785 : Step: 1005/25000, accuracy: 1.000000, cls loss: 0.000012, bbox loss: 32.612646,Landmark loss :91.672672,L2 loss: 1.606054, Total Loss: 109.585060 ,lr:0.001000 
2022-03-02 11:09:29.004201 : Step: 1030/25000, accuracy: 1.000000, cls loss: 0.000011, bbox loss: 31.989604,Landmark loss :90.936436,L2 loss: 1.608571, Total Loss: 108.539820 ,lr:0.001000 
2022-03-02 11:09:32.660116 : Step: 1035/25000, accuracy: 1.000000, cls loss: 0.000011, bbox loss: 31.672061,Landmark loss :90.435883,L2 loss: 1.608896, Total Loss: 107.880820 ,lr:0.001000 
2022-03-02 11:09:36.290586 : Step: 1040/25000, accuracy: 1.000000, cls loss: 0.000011, bbox loss: 30.712215,Landmark loss :88.753871,L2 loss: 1.609475, Total Loss: 105.719464 ,lr:0.001000 
2022-03-02 11:09:39.935156 : Step: 1045/25000, accuracy: 1.000000, cls loss: 0.000011, bbox loss: 30.541216,Landmark loss :87.906592,L2 loss: 1.609872, Total Loss: 104.787083 ,lr:0.001000 
2022-03-02 11:09:43.563063 : Step: 1050/25000, accuracy: 1.000000, cls loss: 0.000011, bbox loss: 30.238578,Landmark loss :87.868840,L2 loss: 1.610414, Total Loss: 104.598554 ,lr:0.001000 
2022-03-02 11:09:47.183539 : Step: 1055/25000, accuracy: 1.000000, cls loss: 0.000011, bbox loss: 29.641699,Landmark loss :87.345737,L2 loss: 1.610822, Total Loss: 103.777419 ,lr:0.001000 
2022-03-02 11:10:15.442999 : Step: 1095/25000, accuracy: 1.000000, cls loss: 0.000011, bbox loss: 29.831750,Landmark loss :86.887149,L2 loss: 1.613761, Total Loss: 103.416796 ,lr:0.001000 
2022-03-02 11:10:19.060805 : Step: 1100/25000, accuracy: 1.000000, cls loss: 0.000010, bbox loss: 28.728941,Landmark loss :84.288550,L2 loss: 1.614249, Total Loss: 100.267279 ,lr:0.001000 
2022-03-02 11:10:26.229403 : Step: 1110/25000, accuracy: 1.000000, cls loss: 0.000010, bbox loss: 28.372062,Landmark loss :83.840587,L2 loss: 1.614960, Total Loss: 99.641588 ,lr:0.001000 
2022-03-02 11:10:29.842185 : Step: 1115/25000, accuracy: 1.000000, cls loss: 0.000010, bbox loss: 28.072325,Landmark loss :83.314680,L2 loss: 1.615236, Total Loss: 98.966089 ,lr:0.001000 
2022-03-02 11:10:36.963392 : Step: 1125/25000, accuracy: 1.000000, cls loss: 0.000010, bbox loss: 28.026480,Landmark loss :82.858365,L2 loss: 1.615923, Total Loss: 98.487538 ,lr:0.001000 
2022-03-02 11:10:44.034429 : Step: 1135/25000, accuracy: 1.000000, cls loss: 0.000010, bbox loss: 27.438858,Landmark loss :82.509366,L2 loss: 1.616585, Total Loss: 97.845390 ,lr:0.001000 
2022-03-02 11:10:47.677864 : Step: 1140/25000, accuracy: 1.000000, cls loss: 0.000010, bbox loss: 27.437885,Landmark loss :81.947237,L2 loss: 1.616991, Total Loss: 97.283180 ,lr:0.001000 
2022-03-02 11:10:51.298658 : Step: 1145/25000, accuracy: 1.000000, cls loss: 0.000010, bbox loss: 27.178001,Landmark loss :81.395609,L2 loss: 1.617239, Total Loss: 96.601858 ,lr:0.001000 
2022-03-02 11:10:58.450605 : Step: 1155/25000, accuracy: 1.000000, cls loss: 0.000010, bbox loss: 26.896714,Landmark loss :80.755022,L2 loss: 1.617861, Total Loss: 95.821250 ,lr:0.001000 
2022-03-02 11:11:26.946870 : Step: 1195/25000, accuracy: 1.000000, cls loss: 0.000010, bbox loss: 26.295998,Landmark loss :79.715698,L2 loss: 1.619749, Total Loss: 94.483456 ,lr:0.001000 
2022-03-02 11:11:34.090641 : Step: 1205/25000, accuracy: 1.000000, cls loss: 0.000010, bbox loss: 25.901303,Landmark loss :79.423483,L2 loss: 1.620234, Total Loss: 93.994378 ,lr:0.001000 
2022-03-02 11:11:41.257643 : Step: 1215/25000, accuracy: 1.000000, cls loss: 0.000009, bbox loss: 25.737297,Landmark loss :79.160036,L2 loss: 1.620708, Total Loss: 93.649402 ,lr:0.001000 
2022-03-02 11:11:51.920259 : Step: 1230/25000, accuracy: 1.000000, cls loss: 0.000009, bbox loss: 25.447779,Landmark loss :78.255542,L2 loss: 1.621434, Total Loss: 92.600874 ,lr:0.001000 
2022-03-02 11:11:55.572957 : Step: 1235/25000, accuracy: 1.000000, cls loss: 0.000009, bbox loss: 25.440030,Landmark loss :77.891447,L2 loss: 1.621562, Total Loss: 92.233034 ,lr:0.001000 
2022-03-02 11:11:59.200140 : Step: 1240/25000, accuracy: 1.000000, cls loss: 0.000009, bbox loss: 25.016417,Landmark loss :77.293469,L2 loss: 1.621847, Total Loss: 91.423534 ,lr:0.001000 
2022-03-02 11:12:02.842391 : Step: 1245/25000, accuracy: 1.000000, cls loss: 0.000009, bbox loss: 24.953916,Landmark loss :77.186649,L2 loss: 1.621994, Total Loss: 91.285610 ,lr:0.001000 
2022-03-02 11:12:06.572508 : Step: 1250/25000, accuracy: 1.000000, cls loss: 0.000009, bbox loss: 24.543815,Landmark loss :76.648415,L2 loss: 1.622251, Total Loss: 90.542582 ,lr:0.001000 
2022-03-02 11:13:42.071780 : Step: 1385/25000, accuracy: 1.000000, cls loss: 0.000011, bbox loss: 24.353988,Landmark loss :76.860129,L2 loss: 1.484021, Total Loss: 90.521155 ,lr:0.000950 
2022-03-02 11:13:45.750283 : Step: 1390/25000, accuracy: 1.000000, cls loss: 0.000010, bbox loss: 24.330130,Landmark loss :76.771365,L2 loss: 1.484404, Total Loss: 90.420844 ,lr:0.000950 
2022-03-02 11:13:49.471080 : Step: 1395/25000, accuracy: 1.000000, cls loss: 0.000010, bbox loss: 24.071321,Landmark loss :76.117143,L2 loss: 1.484761, Total Loss: 89.637576 ,lr:0.000950 
2022-03-02 11:13:56.687914 : Step: 1405/25000, accuracy: 1.000000, cls loss: 0.000010, bbox loss: 23.948542,Landmark loss :76.118207,L2 loss: 1.485481, Total Loss: 89.577969 ,lr:0.000950 
2022-03-02 11:14:00.376202 : Step: 1410/25000, accuracy: 1.000000, cls loss: 0.000010, bbox loss: 23.870139,Landmark loss :75.751346,L2 loss: 1.485832, Total Loss: 89.172258 ,lr:0.000950 
2022-03-02 11:14:07.668120 : Step: 1420/25000, accuracy: 1.000000, cls loss: 0.000010, bbox loss: 23.802600,Landmark loss :75.442393,L2 loss: 1.486499, Total Loss: 88.830203 ,lr:0.000950 
2022-03-02 11:14:11.392844 : Step: 1425/25000, accuracy: 1.000000, cls loss: 0.000010, bbox loss: 23.625360,Landmark loss :75.491014,L2 loss: 1.486831, Total Loss: 88.790535 ,lr:0.000950 
2022-03-02 11:14:15.022510 : Step: 1430/25000, accuracy: 1.000000, cls loss: 0.000010, bbox loss: 23.461015,Landmark loss :75.516528,L2 loss: 1.487141, Total Loss: 88.734187 ,lr:0.000950 
2022-03-02 11:14:18.688950 : Step: 1435/25000, accuracy: 1.000000, cls loss: 0.000010, bbox loss: 23.464915,Landmark loss :74.672580,L2 loss: 1.487461, Total Loss: 87.892508 ,lr:0.000950 
2022-03-02 11:14:26.021648 : Step: 1445/25000, accuracy: 1.000000, cls loss: 0.000010, bbox loss: 23.281466,Landmark loss :74.755246,L2 loss: 1.488050, Total Loss: 87.884040 ,lr:0.000950 
2022-03-02 11:14:29.743317 : Step: 1450/25000, accuracy: 1.000000, cls loss: 0.000010, bbox loss: 23.246516,Landmark loss :74.304822,L2 loss: 1.488344, Total Loss: 87.416434 ,lr:0.000950 
2022-03-02 11:14:36.938373 : Step: 1460/25000, accuracy: 1.000000, cls loss: 0.000010, bbox loss: 23.141243,Landmark loss :74.202490,L2 loss: 1.488900, Total Loss: 87.262023 ,lr:0.000950 
2022-03-02 11:14:40.560453 : Step: 1465/25000, accuracy: 1.000000, cls loss: 0.000010, bbox loss: 23.056867,Landmark loss :74.078400,L2 loss: 1.489177, Total Loss: 87.096020 ,lr:0.000950 
2022-03-02 11:14:44.187675 : Step: 1470/25000, accuracy: 1.000000, cls loss: 0.000010, bbox loss: 22.838584,Landmark loss :73.864383,L2 loss: 1.489437, Total Loss: 86.773122 ,lr:0.000950 
2022-03-02 11:14:54.993428 : Step: 1485/25000, accuracy: 1.000000, cls loss: 0.000010, bbox loss: 22.830890,Landmark loss :73.525227,L2 loss: 1.490185, Total Loss: 86.430867 ,lr:0.000950 
2022-03-02 11:14:58.622010 : Step: 1490/25000, accuracy: 1.000000, cls loss: 0.000010, bbox loss: 22.726586,Landmark loss :73.477625,L2 loss: 1.490437, Total Loss: 86.331365 ,lr:0.000950 
2022-03-02 11:15:05.846859 : Step: 1500/25000, accuracy: 1.000000, cls loss: 0.000010, bbox loss: 22.511357,Landmark loss :73.570282,L2 loss: 1.490891, Total Loss: 86.316862 ,lr:0.000950 
2022-03-02 11:15:09.497659 : Step: 1505/25000, accuracy: 1.000000, cls loss: 0.000010, bbox loss: 22.563123,Landmark loss :73.340807,L2 loss: 1.491116, Total Loss: 86.113494 ,lr:0.000950 
2022-03-02 11:15:16.691347 : Step: 1515/25000, accuracy: 1.000000, cls loss: 0.000010, bbox loss: 22.414400,Landmark loss :72.947029,L2 loss: 1.491555, Total Loss: 85.645794 ,lr:0.000950 
2022-03-02 11:15:23.857147 : Step: 1525/25000, accuracy: 1.000000, cls loss: 0.000010, bbox loss: 22.342179,Landmark loss :72.864662,L2 loss: 1.491948, Total Loss: 85.527710 ,lr:0.000950 
2022-03-02 11:15:27.546929 : Step: 1530/25000, accuracy: 1.000000, cls loss: 0.000010, bbox loss: 22.413705,Landmark loss :72.237151,L2 loss: 1.492150, Total Loss: 84.936163 ,lr:0.000950 
2022-03-02 11:15:34.762768 : Step: 1540/25000, accuracy: 1.000000, cls loss: 0.000010, bbox loss: 22.182706,Landmark loss :72.167320,L2 loss: 1.492519, Total Loss: 84.751202 ,lr:0.000950 
2022-03-02 11:15:42.009624 : Step: 1550/25000, accuracy: 1.000000, cls loss: 0.000010, bbox loss: 22.114979,Landmark loss :71.840981,L2 loss: 1.492878, Total Loss: 84.391358 ,lr:0.000950 
2022-03-02 11:15:56.338296 : Step: 1570/25000, accuracy: 1.000000, cls loss: 0.000010, bbox loss: 21.929371,Landmark loss :71.697209,L2 loss: 1.493538, Total Loss: 84.155442 ,lr:0.000950 
2022-03-02 11:16:03.542225 : Step: 1580/25000, accuracy: 1.000000, cls loss: 0.000010, bbox loss: 21.852171,Landmark loss :71.663094,L2 loss: 1.493843, Total Loss: 84.083031 ,lr:0.000950 
2022-03-02 11:16:07.213218 : Step: 1585/25000, accuracy: 1.000000, cls loss: 0.000010, bbox loss: 21.769159,Landmark loss :71.394490,L2 loss: 1.493986, Total Loss: 83.773065 ,lr:0.000950 
2022-03-02 11:16:14.431686 : Step: 1595/25000, accuracy: 1.000000, cls loss: 0.000010, bbox loss: 21.847072,Landmark loss :71.329103,L2 loss: 1.494259, Total Loss: 83.746907 ,lr:0.000950 
2022-03-02 11:16:25.173466 : Step: 1610/25000, accuracy: 1.000000, cls loss: 0.000010, bbox loss: 21.820532,Landmark loss :71.087379,L2 loss: 1.494655, Total Loss: 83.492310 ,lr:0.000950 
2022-03-02 11:16:28.887808 : Step: 1615/25000, accuracy: 1.000000, cls loss: 0.000010, bbox loss: 21.535836,Landmark loss :71.145226,L2 loss: 1.494775, Total Loss: 83.407928 ,lr:0.000950 
2022-03-02 11:16:36.172973 : Step: 1625/25000, accuracy: 1.000000, cls loss: 0.000009, bbox loss: 21.468880,Landmark loss :71.166116,L2 loss: 1.495020, Total Loss: 83.395586 ,lr:0.000950 
2022-03-02 11:16:39.815345 : Step: 1630/25000, accuracy: 1.000000, cls loss: 0.000010, bbox loss: 21.498605,Landmark loss :71.013742,L2 loss: 1.495110, Total Loss: 83.258163 ,lr:0.000950 
2022-03-02 11:16:43.466041 : Step: 1635/25000, accuracy: 1.000000, cls loss: 0.000009, bbox loss: 21.567886,Landmark loss :70.939503,L2 loss: 1.495235, Total Loss: 83.218691 ,lr:0.000950 
2022-03-02 11:16:47.189394 : Step: 1640/25000, accuracy: 1.000000, cls loss: 0.000009, bbox loss: 21.352182,Landmark loss :71.022948,L2 loss: 1.495329, Total Loss: 83.194377 ,lr:0.000950 
2022-03-02 11:17:01.457614 : Step: 1660/25000, accuracy: 1.000000, cls loss: 0.000009, bbox loss: 21.359426,Landmark loss :70.882649,L2 loss: 1.495741, Total Loss: 83.058113 ,lr:0.000950 
2022-03-02 11:17:05.109734 : Step: 1665/25000, accuracy: 1.000000, cls loss: 0.000009, bbox loss: 21.295838,Landmark loss :70.709674,L2 loss: 1.495810, Total Loss: 82.853413 ,lr:0.000950 
2022-03-02 11:17:08.685505 : Step: 1670/25000, accuracy: 1.000000, cls loss: 0.000009, bbox loss: 21.271001,Landmark loss :70.453957,L2 loss: 1.495908, Total Loss: 82.585374 ,lr:0.000950 
2022-03-02 11:17:15.841364 : Step: 1680/25000, accuracy: 1.000000, cls loss: 0.000009, bbox loss: 21.190108,Landmark loss :70.342162,L2 loss: 1.496071, Total Loss: 82.433297 ,lr:0.000950 
2022-03-02 11:17:23.079043 : Step: 1690/25000, accuracy: 1.000000, cls loss: 0.000009, bbox loss: 21.074931,Landmark loss :70.031248,L2 loss: 1.496213, Total Loss: 82.064936 ,lr:0.000950 
2022-03-02 11:17:40.914771 : Step: 1715/25000, accuracy: 1.000000, cls loss: 0.000009, bbox loss: 21.117027,Landmark loss :69.816679,L2 loss: 1.496571, Total Loss: 81.871774 ,lr:0.000950 
2022-03-02 11:17:51.622555 : Step: 1730/25000, accuracy: 1.000000, cls loss: 0.000009, bbox loss: 20.983971,Landmark loss :69.550761,L2 loss: 1.496765, Total Loss: 81.539521 ,lr:0.000950 
2022-03-02 11:18:09.538580 : Step: 1755/25000, accuracy: 1.000000, cls loss: 0.000009, bbox loss: 20.962531,Landmark loss :69.519975,L2 loss: 1.497019, Total Loss: 81.498269 ,lr:0.000950 
2022-03-02 11:18:16.780849 : Step: 1765/25000, accuracy: 1.000000, cls loss: 0.000009, bbox loss: 20.730290,Landmark loss :69.518361,L2 loss: 1.497111, Total Loss: 81.380626 ,lr:0.000950 
2022-03-02 11:18:31.109441 : Step: 1785/25000, accuracy: 1.000000, cls loss: 0.000009, bbox loss: 20.697581,Landmark loss :69.393207,L2 loss: 1.497283, Total Loss: 81.239289 ,lr:0.000950 
2022-03-02 11:18:49.017896 : Step: 1810/25000, accuracy: 1.000000, cls loss: 0.000009, bbox loss: 20.609675,Landmark loss :69.207458,L2 loss: 1.497462, Total Loss: 81.009767 ,lr:0.000950 
2022-03-02 11:18:59.740343 : Step: 1825/25000, accuracy: 1.000000, cls loss: 0.000009, bbox loss: 20.706414,Landmark loss :68.825865,L2 loss: 1.497540, Total Loss: 80.676621 ,lr:0.000950 
2022-03-02 11:19:06.920597 : Step: 1835/25000, accuracy: 1.000000, cls loss: 0.000009, bbox loss: 20.518166,Landmark loss :68.872415,L2 loss: 1.497587, Total Loss: 80.629094 ,lr:0.000950 
2022-03-02 11:19:14.115292 : Step: 1845/25000, accuracy: 1.000000, cls loss: 0.000009, bbox loss: 20.551529,Landmark loss :68.786703,L2 loss: 1.497638, Total Loss: 80.560114 ,lr:0.000950 
2022-03-02 11:19:28.432857 : Step: 1865/25000, accuracy: 1.000000, cls loss: 0.000009, bbox loss: 20.450141,Landmark loss :68.836913,L2 loss: 1.497714, Total Loss: 80.559705 ,lr:0.000950 
2022-03-02 11:19:35.660432 : Step: 1875/25000, accuracy: 1.000000, cls loss: 0.000009, bbox loss: 20.407568,Landmark loss :68.814565,L2 loss: 1.497747, Total Loss: 80.516104 ,lr:0.000950 
2022-03-02 11:19:39.350432 : Step: 1880/25000, accuracy: 1.000000, cls loss: 0.000009, bbox loss: 20.348386,Landmark loss :68.620239,L2 loss: 1.497760, Total Loss: 80.292201 ,lr:0.000950 
2022-03-02 11:19:57.209102 : Step: 1905/25000, accuracy: 1.000000, cls loss: 0.000008, bbox loss: 20.369139,Landmark loss :68.538390,L2 loss: 1.497825, Total Loss: 80.220793 ,lr:0.000950 
2022-03-02 11:20:25.632335 : Step: 1945/25000, accuracy: 1.000000, cls loss: 0.000008, bbox loss: 20.201783,Landmark loss :68.537854,L2 loss: 1.497865, Total Loss: 80.136619 ,lr:0.000950 
2022-03-02 11:20:36.408898 : Step: 1960/25000, accuracy: 1.000000, cls loss: 0.000008, bbox loss: 20.163567,Landmark loss :68.547452,L2 loss: 1.497861, Total Loss: 80.127105 ,lr:0.000950 
2022-03-02 11:20:40.084995 : Step: 1965/25000, accuracy: 1.000000, cls loss: 0.000008, bbox loss: 20.153738,Landmark loss :68.322856,L2 loss: 1.497878, Total Loss: 79.897611 ,lr:0.000950 
2022-03-02 11:20:47.317124 : Step: 1975/25000, accuracy: 1.000000, cls loss: 0.000008, bbox loss: 20.114163,Landmark loss :68.212078,L2 loss: 1.497871, Total Loss: 79.767039 ,lr:0.000950 
2022-03-02 11:20:54.551240 : Step: 1985/25000, accuracy: 1.000000, cls loss: 0.000008, bbox loss: 20.046895,Landmark loss :68.082170,L2 loss: 1.497848, Total Loss: 79.603474 ,lr:0.000950 
2022-03-02 11:21:12.253571 : Step: 2010/25000, accuracy: 1.000000, cls loss: 0.000008, bbox loss: 20.124751,Landmark loss :67.923235,L2 loss: 1.497836, Total Loss: 79.483455 ,lr:0.000950 
2022-03-02 11:21:23.035390 : Step: 2025/25000, accuracy: 1.000000, cls loss: 0.000008, bbox loss: 20.050108,Landmark loss :67.715793,L2 loss: 1.497833, Total Loss: 79.238688 ,lr:0.000950 
2022-03-02 11:21:47.641310 : Step: 2060/25000, accuracy: 1.000000, cls loss: 0.000008, bbox loss: 19.815155,Landmark loss :67.794875,L2 loss: 1.497761, Total Loss: 79.200222 ,lr:0.000950 
2022-03-02 11:22:19.244530 : Step: 2105/25000, accuracy: 1.000000, cls loss: 0.000008, bbox loss: 19.842843,Landmark loss :67.649147,L2 loss: 1.497658, Total Loss: 79.068235 ,lr:0.000950 
2022-03-02 11:22:29.858818 : Step: 2120/25000, accuracy: 1.000000, cls loss: 0.000008, bbox loss: 19.898738,Landmark loss :67.452459,L2 loss: 1.497604, Total Loss: 78.899440 ,lr:0.000950 
2022-03-02 11:22:36.954886 : Step: 2130/25000, accuracy: 1.000000, cls loss: 0.000008, bbox loss: 19.733686,Landmark loss :67.519357,L2 loss: 1.497569, Total Loss: 78.883777 ,lr:0.000950 
2022-03-02 11:22:44.114181 : Step: 2140/25000, accuracy: 1.000000, cls loss: 0.000008, bbox loss: 19.779783,Landmark loss :67.326804,L2 loss: 1.497544, Total Loss: 78.714248 ,lr:0.000950 
2022-03-02 11:23:08.581566 : Step: 2175/25000, accuracy: 1.000000, cls loss: 0.000008, bbox loss: 19.629469,Landmark loss :67.294977,L2 loss: 1.497418, Total Loss: 78.607137 ,lr:0.000950 
2022-03-02 11:23:26.133382 : Step: 2200/25000, accuracy: 1.000000, cls loss: 0.000008, bbox loss: 19.693776,Landmark loss :67.240392,L2 loss: 1.497327, Total Loss: 78.584615 ,lr:0.000950 
2022-03-02 11:24:08.840485 : Step: 2260/25000, accuracy: 1.000000, cls loss: 0.000007, bbox loss: 19.477776,Landmark loss :67.114288,L2 loss: 1.497079, Total Loss: 78.350262 ,lr:0.000950 
2022-03-02 11:24:15.931802 : Step: 2270/25000, accuracy: 1.000000, cls loss: 0.000007, bbox loss: 19.501049,Landmark loss :67.080442,L2 loss: 1.497027, Total Loss: 78.328001 ,lr:0.000950 
2022-03-02 11:24:23.141703 : Step: 2280/25000, accuracy: 1.000000, cls loss: 0.000007, bbox loss: 19.427340,Landmark loss :67.022471,L2 loss: 1.496963, Total Loss: 78.233111 ,lr:0.000950 
2022-03-02 11:24:40.715140 : Step: 2305/25000, accuracy: 1.000000, cls loss: 0.000007, bbox loss: 19.542673,Landmark loss :66.862598,L2 loss: 1.496857, Total Loss: 78.130799 ,lr:0.000950 
2022-03-02 11:24:51.300116 : Step: 2320/25000, accuracy: 1.000000, cls loss: 0.000007, bbox loss: 19.498774,Landmark loss :66.640644,L2 loss: 1.496801, Total Loss: 77.886839 ,lr:0.000950 
2022-03-02 11:25:47.430256 : Step: 2400/25000, accuracy: 1.000000, cls loss: 0.000007, bbox loss: 19.286025,Landmark loss :66.628826,L2 loss: 1.496400, Total Loss: 77.768245 ,lr:0.000950 
2022-03-02 11:25:58.011961 : Step: 2415/25000, accuracy: 1.000000, cls loss: 0.000007, bbox loss: 19.382331,Landmark loss :66.526806,L2 loss: 1.496320, Total Loss: 77.714298 ,lr:0.000950 
2022-03-02 11:26:05.183383 : Step: 2425/25000, accuracy: 1.000000, cls loss: 0.000007, bbox loss: 19.238245,Landmark loss :66.575909,L2 loss: 1.496266, Total Loss: 77.691305 ,lr:0.000950 
2022-03-02 11:26:12.296887 : Step: 2435/25000, accuracy: 1.000000, cls loss: 0.000007, bbox loss: 19.300155,Landmark loss :66.531648,L2 loss: 1.496228, Total Loss: 77.677961 ,lr:0.000950 
2022-03-02 11:26:36.987320 : Step: 2470/25000, accuracy: 1.000000, cls loss: 0.000007, bbox loss: 19.155951,Landmark loss :66.430807,L2 loss: 1.496061, Total Loss: 77.504851 ,lr:0.000950 
2022-03-02 11:26:54.571549 : Step: 2495/25000, accuracy: 1.000000, cls loss: 0.000007, bbox loss: 19.222437,Landmark loss :66.358836,L2 loss: 1.495950, Total Loss: 77.466011 ,lr:0.000950 
2022-03-02 11:30:00.503543 : Step: 2760/25000, accuracy: 1.000000, cls loss: 0.000008, bbox loss: 19.018417,Landmark loss :66.571868,L2 loss: 1.366187, Total Loss: 77.447272 ,lr:0.000900 
2022-03-02 11:30:04.127232 : Step: 2765/25000, accuracy: 1.000000, cls loss: 0.000008, bbox loss: 18.920739,Landmark loss :66.537711,L2 loss: 1.366327, Total Loss: 77.364416 ,lr:0.000900 
2022-03-02 11:30:21.821796 : Step: 2790/25000, accuracy: 1.000000, cls loss: 0.000008, bbox loss: 18.979778,Landmark loss :66.277303,L2 loss: 1.366968, Total Loss: 77.134168 ,lr:0.000900 
2022-03-02 11:30:35.989558 : Step: 2810/25000, accuracy: 1.000000, cls loss: 0.000008, bbox loss: 18.854417,Landmark loss :66.319153,L2 loss: 1.367404, Total Loss: 77.113773 ,lr:0.000900 
2022-03-02 11:30:57.090822 : Step: 2840/25000, accuracy: 1.000000, cls loss: 0.000008, bbox loss: 18.823204,Landmark loss :66.284913,L2 loss: 1.367976, Total Loss: 77.064499 ,lr:0.000900 
2022-03-02 11:31:04.132200 : Step: 2850/25000, accuracy: 1.000000, cls loss: 0.000008, bbox loss: 18.746225,Landmark loss :66.133114,L2 loss: 1.368127, Total Loss: 76.874362 ,lr:0.000900 
2022-03-02 11:31:18.271640 : Step: 2870/25000, accuracy: 1.000000, cls loss: 0.000008, bbox loss: 18.680309,Landmark loss :65.852474,L2 loss: 1.368410, Total Loss: 76.561046 ,lr:0.000900 
2022-03-02 11:31:46.300397 : Step: 2910/25000, accuracy: 1.000000, cls loss: 0.000008, bbox loss: 18.746833,Landmark loss :65.617684,L2 loss: 1.368874, Total Loss: 76.359982 ,lr:0.000900 
2022-03-02 11:32:53.031438 : Step: 3005/25000, accuracy: 1.000000, cls loss: 0.000008, bbox loss: 18.768699,Landmark loss :65.599790,L2 loss: 1.369483, Total Loss: 76.353631 ,lr:0.000900 
2022-03-02 11:33:00.231899 : Step: 3015/25000, accuracy: 1.000000, cls loss: 0.000008, bbox loss: 18.614391,Landmark loss :65.536537,L2 loss: 1.369519, Total Loss: 76.213260 ,lr:0.000900 
2022-03-02 11:33:07.381721 : Step: 3025/25000, accuracy: 1.000000, cls loss: 0.000008, bbox loss: 18.699118,Landmark loss :65.448502,L2 loss: 1.369550, Total Loss: 76.167619 ,lr:0.000900 
2022-03-02 11:34:03.463879 : Step: 3105/25000, accuracy: 1.000000, cls loss: 0.000007, bbox loss: 18.551321,Landmark loss :65.436572,L2 loss: 1.369679, Total Loss: 76.081919 ,lr:0.000900 
2022-03-02 11:34:45.540834 : Step: 3165/25000, accuracy: 1.000000, cls loss: 0.000007, bbox loss: 18.414539,Landmark loss :65.223727,L2 loss: 1.369681, Total Loss: 75.800686 ,lr:0.000900 
2022-03-02 11:35:13.685514 : Step: 3205/25000, accuracy: 1.000000, cls loss: 0.000007, bbox loss: 18.453814,Landmark loss :65.044258,L2 loss: 1.369655, Total Loss: 75.640827 ,lr:0.000900 
2022-03-02 11:36:27.668765 : Step: 3310/25000, accuracy: 1.000000, cls loss: 0.000007, bbox loss: 18.384794,Landmark loss :64.982350,L2 loss: 1.369482, Total Loss: 75.544237 ,lr:0.000900 
2022-03-02 11:36:34.819181 : Step: 3320/25000, accuracy: 1.000000, cls loss: 0.000007, bbox loss: 18.419447,Landmark loss :64.949195,L2 loss: 1.369460, Total Loss: 75.528385 ,lr:0.000900 
2022-03-02 11:37:31.136041 : Step: 3400/25000, accuracy: 1.000000, cls loss: 0.000007, bbox loss: 18.287090,Landmark loss :64.987395,L2 loss: 1.369277, Total Loss: 75.500224 ,lr:0.000900 
2022-03-02 11:38:03.055329 : Step: 3445/25000, accuracy: 1.000000, cls loss: 0.000007, bbox loss: 18.502550,Landmark loss :64.837482,L2 loss: 1.369170, Total Loss: 75.457934 ,lr:0.000900 
2022-03-02 11:38:13.685757 : Step: 3460/25000, accuracy: 1.000000, cls loss: 0.000007, bbox loss: 18.217377,Landmark loss :64.842052,L2 loss: 1.369128, Total Loss: 75.319875 ,lr:0.000900 
2022-03-02 11:38:17.317197 : Step: 3465/25000, accuracy: 1.000000, cls loss: 0.000007, bbox loss: 18.382941,Landmark loss :64.679780,L2 loss: 1.369115, Total Loss: 75.240372 ,lr:0.000900 
2022-03-02 11:38:42.266726 : Step: 3500/25000, accuracy: 1.000000, cls loss: 0.000007, bbox loss: 18.258997,Landmark loss :64.601816,L2 loss: 1.369028, Total Loss: 75.100349 ,lr:0.000900 
2022-03-02 11:39:56.215812 : Step: 3605/25000, accuracy: 1.000000, cls loss: 0.000006, bbox loss: 18.148220,Landmark loss :64.579999,L2 loss: 1.368732, Total Loss: 75.022847 ,lr:0.000900 
2022-03-02 11:41:31.686757 : Step: 3740/25000, accuracy: 1.000000, cls loss: 0.000006, bbox loss: 18.334719,Landmark loss :64.426899,L2 loss: 1.368353, Total Loss: 74.962617 ,lr:0.000900 
2022-03-02 11:45:39.162837 : Step: 4090/25000, accuracy: 1.000000, cls loss: 0.000008, bbox loss: 18.028168,Landmark loss :64.547714,L2 loss: 1.247019, Total Loss: 74.808825 ,lr:0.000850 
2022-03-02 11:46:53.445250 : Step: 4195/25000, accuracy: 1.000000, cls loss: 0.000007, bbox loss: 17.916224,Landmark loss :64.362903,L2 loss: 1.248625, Total Loss: 74.569647 ,lr:0.000850 
2022-03-02 11:47:21.944079 : Step: 4235/25000, accuracy: 1.000000, cls loss: 0.000007, bbox loss: 18.011396,Landmark loss :64.184486,L2 loss: 1.249008, Total Loss: 74.439199 ,lr:0.000850 
2022-03-02 11:48:29.522945 : Step: 4330/25000, accuracy: 1.000000, cls loss: 0.000007, bbox loss: 18.076876,Landmark loss :64.128852,L2 loss: 1.249581, Total Loss: 74.416878 ,lr:0.000850 
2022-03-02 11:48:43.822800 : Step: 4350/25000, accuracy: 1.000000, cls loss: 0.000007, bbox loss: 18.023641,Landmark loss :63.984336,L2 loss: 1.249654, Total Loss: 74.245817 ,lr:0.000850 
2022-03-02 11:49:08.864504 : Step: 4385/25000, accuracy: 1.000000, cls loss: 0.000007, bbox loss: 17.881680,Landmark loss :63.990903,L2 loss: 1.249763, Total Loss: 74.181514 ,lr:0.000850 
2022-03-02 11:50:23.496993 : Step: 4490/25000, accuracy: 1.000000, cls loss: 0.000007, bbox loss: 17.797840,Landmark loss :63.917086,L2 loss: 1.249919, Total Loss: 74.065932 ,lr:0.000850 
2022-03-02 11:50:51.832124 : Step: 4530/25000, accuracy: 1.000000, cls loss: 0.000007, bbox loss: 17.909099,Landmark loss :63.742456,L2 loss: 1.249938, Total Loss: 73.946950 ,lr:0.000850 
2022-03-02 11:51:59.301923 : Step: 4625/25000, accuracy: 1.000000, cls loss: 0.000007, bbox loss: 17.969536,Landmark loss :63.696153,L2 loss: 1.249910, Total Loss: 73.930838 ,lr:0.000850 
2022-03-02 11:52:13.510643 : Step: 4645/25000, accuracy: 1.000000, cls loss: 0.000007, bbox loss: 17.872918,Landmark loss :63.653555,L2 loss: 1.249893, Total Loss: 73.839913 ,lr:0.000850 
2022-03-02 11:53:52.535367 : Step: 4785/25000, accuracy: 1.000000, cls loss: 0.000006, bbox loss: 17.666751,Landmark loss :63.611824,L2 loss: 1.249739, Total Loss: 73.694945 ,lr:0.000850 
2022-03-02 11:54:21.008320 : Step: 4825/25000, accuracy: 1.000000, cls loss: 0.000006, bbox loss: 17.811387,Landmark loss :63.450341,L2 loss: 1.249682, Total Loss: 73.605723 ,lr:0.000850 
2022-03-02 12:03:02.405583 : Step: 5565/25000, accuracy: 1.000000, cls loss: 0.000007, bbox loss: 17.595330,Landmark loss :63.632410,L2 loss: 1.137841, Total Loss: 73.567922 ,lr:0.000800 
2022-03-02 12:04:02.184500 : Step: 5650/25000, accuracy: 1.000000, cls loss: 0.000007, bbox loss: 17.542188,Landmark loss :63.630251,L2 loss: 1.138387, Total Loss: 73.539739 ,lr:0.000800 
2022-03-02 12:04:16.473766 : Step: 5670/25000, accuracy: 1.000000, cls loss: 0.000007, bbox loss: 17.481416,Landmark loss :63.413869,L2 loss: 1.138482, Total Loss: 73.293066 ,lr:0.000800 
2022-03-02 12:04:44.773006 : Step: 5710/25000, accuracy: 1.000000, cls loss: 0.000007, bbox loss: 17.623383,Landmark loss :63.218555,L2 loss: 1.138643, Total Loss: 73.168896 ,lr:0.000800 
2022-03-02 12:07:43.685151 : Step: 5965/25000, accuracy: 1.000000, cls loss: 0.000007, bbox loss: 17.444724,Landmark loss :63.171019,L2 loss: 1.139051, Total Loss: 73.032438 ,lr:0.000800 
2022-03-02 12:08:11.814612 : Step: 6005/25000, accuracy: 1.000000, cls loss: 0.000007, bbox loss: 17.531730,Landmark loss :63.020311,L2 loss: 1.139062, Total Loss: 72.925245 ,lr:0.000800 
2022-03-02 12:18:32.748377 : Step: 6890/25000, accuracy: 1.000000, cls loss: 0.000008, bbox loss: 17.384125,Landmark loss :63.131021,L2 loss: 1.034848, Total Loss: 72.857939 ,lr:0.000750 
2022-03-02 12:19:46.147993 : Step: 6995/25000, accuracy: 1.000000, cls loss: 0.000007, bbox loss: 17.351532,Landmark loss :63.112671,L2 loss: 1.035552, Total Loss: 72.823997 ,lr:0.000750 
2022-03-02 12:20:14.295791 : Step: 7035/25000, accuracy: 1.000000, cls loss: 0.000007, bbox loss: 17.463678,Landmark loss :63.015774,L2 loss: 1.035741, Total Loss: 72.783361 ,lr:0.000750 
2022-03-02 12:21:34.759970 : Step: 7150/25000, accuracy: 1.000000, cls loss: 0.000007, bbox loss: 17.508717,Landmark loss :62.939918,L2 loss: 1.036118, Total Loss: 72.730401 ,lr:0.000750 
2022-03-02 12:21:59.411300 : Step: 7185/25000, accuracy: 1.000000, cls loss: 0.000007, bbox loss: 17.356579,Landmark loss :62.871343,L2 loss: 1.036198, Total Loss: 72.585837 ,lr:0.000750 
2022-03-02 12:23:41.184294 : Step: 7330/25000, accuracy: 1.000000, cls loss: 0.000007, bbox loss: 17.427071,Landmark loss :62.810087,L2 loss: 1.036394, Total Loss: 72.560024 ,lr:0.000750 
2022-03-02 12:25:02.411320 : Step: 7445/25000, accuracy: 1.000000, cls loss: 0.000007, bbox loss: 17.465875,Landmark loss :62.736680,L2 loss: 1.036457, Total Loss: 72.506081 ,lr:0.000750 
2022-03-02 12:25:27.239174 : Step: 7480/25000, accuracy: 1.000000, cls loss: 0.000007, bbox loss: 17.326987,Landmark loss :62.777386,L2 loss: 1.036469, Total Loss: 72.477355 ,lr:0.000750 
2022-03-02 12:37:01.568052 : Step: 8470/25000, accuracy: 1.000000, cls loss: 0.000008, bbox loss: 17.205746,Landmark loss :62.924219,L2 loss: 0.940772, Total Loss: 72.467871 ,lr:0.000700 
2022-03-02 12:37:29.688791 : Step: 8510/25000, accuracy: 1.000000, cls loss: 0.000008, bbox loss: 17.345542,Landmark loss :62.684504,L2 loss: 0.940903, Total Loss: 72.298185 ,lr:0.000700 